,precision,recall,f1-score,support
alternate picking,1.0,1.0,1.0,18.0
legato,0.9333333333333333,0.7777777777777778,0.8484848484848485,18.0
tapping,0.8095238095238095,0.9444444444444444,0.8717948717948718,18.0
sweep picking,1.0,1.0,1.0,9.0
vibrato,1.0,1.0,1.0,9.0
hammer on,0.47058823529411764,0.8888888888888888,0.6153846153846154,9.0
pull off,0.0,0.0,0.0,9.0
slide,1.0,1.0,1.0,9.0
bend,1.0,1.0,1.0,9.0
accuracy,0.8611111111111112,0.8611111111111112,0.8611111111111112,0.8611111111111112
macro avg,0.8014939309056957,0.845679012345679,0.815073815073815,108.0
weighted avg,0.8296918767507002,0.8611111111111112,0.837995337995338,108.0
