,precision,recall,f1-score,support
alternate picking,0.9473684210526315,1.0,0.972972972972973,18.0
legato,0.8333333333333334,0.8333333333333334,0.8333333333333334,18.0
tapping,0.8823529411764706,0.8333333333333334,0.8571428571428571,18.0
sweep picking,1.0,1.0,1.0,9.0
vibrato,1.0,1.0,1.0,9.0
hammer on,0.5,0.4444444444444444,0.47058823529411764,9.0
pull off,0.5,0.5555555555555556,0.5263157894736842,9.0
slide,1.0,1.0,1.0,9.0
bend,1.0,1.0,1.0,9.0
accuracy,0.8611111111111112,0.8611111111111112,0.8611111111111112,0.8611111111111112
macro avg,0.8514505217291595,0.8518518518518519,0.8511503542463295,108.0
weighted avg,0.8605091159270726,0.8611111111111112,0.860316862638844,108.0
