,precision,recall,f1-score,support
alternate picking,1.0,1.0,1.0,18.0
legato,0.6818181818181818,0.8333333333333334,0.75,18.0
tapping,0.7857142857142857,0.6111111111111112,0.6875,18.0
sweep picking,1.0,1.0,1.0,9.0
vibrato,1.0,1.0,1.0,9.0
hammer on,0.6153846153846154,0.8888888888888888,0.7272727272727273,9.0
pull off,0.8,0.4444444444444444,0.5714285714285714,9.0
slide,1.0,1.0,1.0,9.0
bend,1.0,1.0,1.0,9.0
accuracy,0.8518518518518519,0.8518518518518519,0.8518518518518519,0.8518518518518519
macro avg,0.8758796758796759,0.8641975308641975,0.859577922077922,108.0
weighted avg,0.8625374625374626,0.8518518518518519,0.8478084415584415,108.0
