{
  "method": "mfcc_cnn",
  "model_params": 118985,
  "fold_train_seconds": {
    "fold_0": [
      207.93774271011353,
      188.46328115463257,
      186.8743290901184,
      185.52674293518066,
      193.0053789615631
    ],
    "fold_1": [
      192.92306399345398,
      213.542160987854,
      205.19598078727722,
      203.4527130126953,
      183.91282987594604
    ],
    "fold_2": [
      184.84492897987366,
      189.97161602973938,
      202.3975579738617,
      194.16484785079956,
      217.47767615318298
    ],
    "fold_3": [
      203.61209297180176,
      198.97713589668274,
      207.51520895957947,
      194.0496940612793,
      193.5920341014862
    ],
    "fold_4": [
      197.6939561367035,
      206.09026384353638,
      201.56641578674316,
      205.82764792442322,
      202.87718415260315
    ]
  },
  "mean_train_seconds_per_fold_seed": 198.45969937324523,
  "total_train_seconds": 4961.492484331131,
  "device": "cpu",
  "torch_version": "2.9.0",
  "python_version": "3.11.1",
  "seeds": [
    0,
    1,
    2,
    3,
    4
  ]
}