,precision,recall,f1-score,support
alternate picking,1.0,1.0,1.0,90.0
legato,0.9651162790697675,0.9222222222222223,0.9431818181818182,90.0
tapping,0.925531914893617,0.9666666666666667,0.9456521739130435,90.0
sweep picking,1.0,0.9777777777777777,0.9887640449438202,45.0
vibrato,1.0,1.0,1.0,45.0
hammer on,0.95,0.8444444444444444,0.8941176470588236,45.0
pull off,0.8431372549019608,0.9555555555555556,0.8958333333333334,45.0
slide,1.0,1.0,1.0,45.0
bend,1.0,1.0,1.0,45.0
accuracy,0.9629629629629629,0.9629629629629629,0.9629629629629629,0.9629629629629629
macro avg,0.9648650498739273,0.9629629629629631,0.96306100193676,540.0
weighted avg,0.9645361369023941,0.9629629629629629,0.9630319174604749,540.0
