,precision,recall,f1-score,support
alternate picking,0.9473684210526315,1.0,0.972972972972973,18.0
legato,0.7894736842105263,0.8333333333333334,0.8108108108108109,18.0
tapping,0.6538461538461539,0.9444444444444444,0.7727272727272727,18.0
sweep picking,0.0,0.0,0.0,9.0
vibrato,0.875,0.7777777777777778,0.8235294117647058,9.0
hammer on,0.0,0.0,0.0,9.0
pull off,0.0,0.0,0.0,9.0
slide,0.0,0.0,0.0,9.0
bend,1.0,0.8888888888888888,0.9411764705882353,9.0
accuracy,0.6018518518518519,0.6018518518518519,0.6018518518518519,0.6018518518518519
macro avg,0.47396536212325685,0.4938271604938272,0.4801352154293331,108.0
weighted avg,0.5546980431848852,0.6018518518518519,0.5731439996145878,108.0
