,precision,recall,f1-score,support
alternate picking,1.0,1.0,1.0,18.0
legato,0.7083333333333334,0.9444444444444444,0.8095238095238095,18.0
tapping,0.9166666666666666,0.6111111111111112,0.7333333333333333,18.0
sweep picking,1.0,1.0,1.0,9.0
vibrato,1.0,1.0,1.0,9.0
hammer on,0.6666666666666666,0.6666666666666666,0.6666666666666666,9.0
pull off,0.6666666666666666,0.6666666666666666,0.6666666666666666,9.0
slide,1.0,1.0,1.0,9.0
bend,1.0,1.0,1.0,9.0
accuracy,0.8703703703703703,0.8703703703703703,0.8703703703703703,0.8703703703703703
macro avg,0.8842592592592592,0.8765432098765431,0.8751322751322751,108.0
weighted avg,0.8819444444444444,0.8703703703703703,0.8682539682539683,108.0
