,precision,recall,f1-score,support
alternate picking,0.8571428571428571,1.0,0.9230769230769231,18.0
legato,0.375,0.16666666666666666,0.23076923076923078,18.0
tapping,0.48,0.6666666666666666,0.5581395348837209,18.0
sweep picking,0.875,0.7777777777777778,0.8235294117647058,9.0
vibrato,1.0,1.0,1.0,9.0
hammer on,0.4,0.2222222222222222,0.2857142857142857,9.0
pull off,0.46153846153846156,0.6666666666666666,0.5454545454545454,9.0
slide,0.9,1.0,0.9473684210526315,9.0
bend,1.0,1.0,1.0,9.0
accuracy,0.6944444444444444,0.6944444444444444,0.6944444444444444,0.6944444444444444
macro avg,0.7054090354090354,0.7222222222222222,0.7015613725240049,108.0
weighted avg,0.671735347985348,0.6944444444444444,0.6688365034538265,108.0
