,precision,recall,f1-score,support
alternate picking,0.9473684210526315,1.0,0.972972972972973,18.0
legato,0.75,0.5,0.6,18.0
tapping,0.65,0.7222222222222222,0.6842105263157895,18.0
sweep picking,0.7,0.7777777777777778,0.7368421052631579,9.0
vibrato,1.0,0.5555555555555556,0.7142857142857143,9.0
hammer on,0.0,0.0,0.0,9.0
pull off,0.0,0.0,0.0,9.0
slide,0.8181818181818182,1.0,0.9,9.0
bend,1.0,1.0,1.0,9.0
accuracy,0.6481481481481481,0.6481481481481481,0.6481481481481481,0.6481481481481481
macro avg,0.6517278043593833,0.6172839506172839,0.6231457020930704,108.0
weighted avg,0.6844098883572568,0.6481481481481481,0.6554579015105331,108.0
