,precision,recall,f1-score,support
alternate picking,1.0,1.0,1.0,18.0
legato,0.6666666666666666,0.1111111111111111,0.19047619047619047,18.0
tapping,0.5151515151515151,0.9444444444444444,0.6666666666666666,18.0
sweep picking,1.0,1.0,1.0,9.0
vibrato,1.0,1.0,1.0,9.0
hammer on,0.35714285714285715,0.5555555555555556,0.43478260869565216,9.0
pull off,0.0,0.0,0.0,9.0
slide,0.9,1.0,0.9473684210526315,9.0
bend,1.0,0.8888888888888888,0.9411764705882353,9.0
accuracy,0.7129629629629629,0.7129629629629629,0.7129629629629629,0.7129629629629629
macro avg,0.7154401154401154,0.7222222222222222,0.6867189286088196,108.0
weighted avg,0.7183982683982685,0.7129629629629629,0.6698011012185195,108.0
